university_name,id_
Abilene Christian University,201
Abraham Baldwin Agricultural College,202
Academy of Art University,203
Adams State University,204
Adelphi University,205
Adrian College,206
AdventHealth University,207
Agnes Scott College,208
Alabama A&M University,209
Alabama State University,210
Alaska Pacific University,211
Albany College of Pharmacy and Health Sciences,212
Albany State University,213
Albertus Magnus College,214
Albion College,215
Albizu University,216
Albizu University--Miami,217
Albright College,218
Alcorn State University,219
Alderson Broaddus University,220
Alfred State College--SUNY,221
Alfred University,222
Alice Lloyd College,223
Allegheny College,224
Allen College,225
Allen University,226
Alliance University,227
Alliant International University,228
Alma College,229
Alpena Community College,230
Alvernia University,231
Alverno College,2080
American Academy of Art,233
American College of Thessaloniki,234
American International College,235
American Samoa Community College,236
American University,237
American University in Bulgaria,238
American University in Cairo,239
American University of Beirut,240
American University of Health Sciences,241
American University of Paris,242
American University of Puerto Rico--Bayamon,243
American University of Puerto Rico--Manati,244
AmeriTech College-Draper,245
Amherst College,246
Anderson University,247
Anderson University (IN),248
Andrew College,249
Andrews University,250
Angelo State University,251
Anna Maria College,252
Antelope Valley College,253
Antioch College,254
Appalachian Bible College,255
Appalachian State University,256
Aquinas College,257
Arcadia University,258
Arizona Christian University,259
Arizona College of Nursing--Las Vegas,260
Arizona College of Nursing--Tempe,261
Arizona State University,262
Arkansas Baptist College,263
Arkansas State University,264
Arkansas Tech University,265
Art Academy of Cincinnati,266
ArtCenter College of Design,267
Art Institute of Atlanta,268
Art Institute of Houston,269
Asbury University,270
Ashland University,271
Aspen University,272
Assumption University,273
Atenas College,274
Atlanta Metropolitan State College,275
Auburn University,276
Auburn University at Montgomery,277
Augsburg University,278
Augustana College,279
Augustana University,280
Augusta University,281
Aultman College of Nursing and Health Sciences,282
Aurora University,283
Austin College,284
Austin Community College District,285
Austin Peay State University,286
Ave Maria University,287
Averett University,288
Avila University,289
Azusa Pacific University,290
Babson College,291
Bacone College,292
Baker College,293
Bakersfield College,294
Baker University,295
Baldwin Wallace University,296
Ball State University,297
Baptist Bible College,298
Baptist College of Florida,299
Baptist Health Sciences University,300
Baptist Missionary Association Theological Seminary,301
Barclay College,302
Bard College,303
Bard College at Simon's Rock,304
Barnard College,305
Barry University,306
Barton College,307
Bates College,308
Bayamon Central University,309
Baylor University,310
Bay Path University,311
Bay State College,312
Beacon College,313
Belhaven University,314
Bellarmine University,315
Bellevue College,316
Bellevue University,317
Bellin College,318
Bellingham Technical College,319
Belmont Abbey College,320
Belmont University,321
Beloit College,322
Bemidji State University,323
Benedict College,324
Benedictine College,325
Benedictine University,326
Benjamin Franklin Institute of Technology,327
Bennett College,328
Bennington College,329
Bentley University,330
Berea College,331
Berkeley College (NJ),332
Berkeley College (NY),333
Berklee College of Music,334
Berry College,335
Bethany College (KS),336
Bethany College (WV),337
Bethany Lutheran College,338
Bethel College,339
Bethel University (IN),340
Bethel University (MN),341
Bethel University (TN),342
Bethune-Cookman University,343
Binghamton University--SUNY,344
Biola University,345
Birmingham-Southern College,346
Bismarck State College,347
Blackburn College,348
Black Hills State University,349
Blessing-Rieman College of Nursing and Health Sciences,350
Bluefield State University,351
Bluefield University,352
Blue Mountain Christian University,353
Bluffton University,354
Bob Jones University,355
Boise State University,356
Bon Secours Memorial College of Nursing,357
Boricua College,358
Boston Architectural College,359
Boston College,360
Boston University,361
Bowdoin College,362
Bowie State University,363
Bowling Green State University,364
Bradley University,365
Brandeis University,366
Brazosport College,367
Brenau University,368
Brescia University,369
Brevard College,370
Brewton-Parker College,371
Briar Cliff University,372
Bridgewater College,373
Bridgewater State University,374
Brigham Young University,375
Brigham Young University--Hawaii,376
Brigham Young University--Idaho,377
Brookline College--Albuquerque,378
Brookline College-Phoenix,379
Broward College,380
Brown University,381
Bryan College,382
Bryan College of Health Sciences,383
Bryant & Stratton College--Wauwatosa,384
Bryant University,385
Bryn Athyn College of the New Church,386
Bryn Mawr College,387
Bucknell University,388
Buena Vista University,389
Bushnell University,390
Butler University,391
Cabarrus College of Health Sciences,392
Cairn University,393
Caldwell University,394
California Baptist University,395
California College of the Arts,396
California Institute of Technology,397
California Institute of the Arts,398
California Lutheran University,399
California Polytechnic State University -- Humboldt,400
California Polytechnic State University--San Luis Obispo,401
California State Polytechnic University--Pomona,402
California State University--Bakersfield,403
California State University--Channel Islands,404
California State University--Chico,405
California State University--Dominguez Hills,406
California State University--East Bay,407
"California State University, Fresno",408
California State University--Fullerton,409
California State University--Long Beach,410
California State University--Los Angeles,411
California State University--Maritime Academy,412
California State University--Monterey Bay,413
California State University--Northridge,414
"California State University, Sacramento",415
California State University--San Bernardino,416
"California State University, San Marcos",417
California State University--Stanislaus,418
Calumet College of St. Joseph,419
Calvary University,420
Calvin University,421
Cambridge College,422
Cameron University,423
Campbellsville University,424
Campbell University,425
Canisius University,426
Capital University,427
Capitol Technology University,428
Caribbean University,429
Carleton College,430
Carlow University,431
Carnegie Mellon University,432
Carolinas College of Health Sciences,433
Carroll College,434
Carroll University,2081
Carson-Newman University,436
Carthage College,2082
Cascadia College,438
Case Western Reserve University,439
Castleton University,440
Catawba College,441
The Catholic University of America,442
Cedar Crest College,443
Cedarville University,444
CEM College--San Juan,445
Centenary College,446
Centenary University,447
Central Baptist College,448
Central Christian College of Kansas,449
Central College,450
Central Connecticut State University,451
Centralia College,2039
Central Methodist University -- College of Liberal Arts and Sciences,453
Central Michigan University,454
Central Penn College,455
Central State University,456
Central Washington University,2042
Centre College,458
Chadron State College,459
Chamberlain University,460
Chaminade University of Honolulu,461
Champlain College,462
Chapman University,463
Charles R. Drew University of Medicine and Science,464
Charleston Southern University,465
Chatham University,466
Chestnut Hill College,467
Cheyney University of Pennsylvania,468
Chicago School of Professional Psychology at Los Angeles,469
Chicago State University,470
Chipola College,471
Chowan University,472
Christ College of Nursing and Health Sciences,473
Christian Brothers University,474
Christopher Newport University,475
"The Citadel, The Military College of South Carolina",476
Claflin University,477
Claremont McKenna College,478
Clark Atlanta University,479
Clark College,2041
Clarke University,481
Clarkson College,482
Clarkson University,483
Clarks Summit University,484
Clark University,485
Clayton State University,486
Clear Creek Baptist Bible College,487
Cleary University,488
Clemson University,489
Cleveland Institute of Art,490
Cleveland Institute of Music,491
Cleveland State University,492
Cleveland University--Kansas City,493
Clover Park Technical College,494
Coastal Carolina University,495
Coe College,496
Coker University,497
Colby College,498
Colby-Sawyer College,499
Colegio Universitario de San Juan,500
Colgate University,501
College for Creative Studies,502
College of Biblical Studies--Houston,503
College of Central Florida,504
College of Charleston,505
College of Coastal Georgia,506
College of Idaho,507
College of Menominee Nation,508
College of Mount St. Vincent,509
The College of New Jersey,510
College of Saint Mary,511
The College of Saint Rose,512
College of Southern Nevada,513
College of St. Benedict,514
The College of St. Scholastica,515
College of the Atlantic,516
College of the Holy Cross,517
College of the Ozarks,518
The College of Westchester,519
The College of Wooster,520
Colorado Christian University,521
Colorado College,522
Colorado Mesa University,523
Colorado Mountain College,524
Colorado School of Mines,525
Colorado State University,526
Colorado State University--Pueblo,527
Colorado Technical University,528
Columbia Basin College,529
Columbia Central University--Caguas,530
Columbia College Chicago,531
Columbia College Hollywood,532
Columbia College (MO),533
Columbia College (SC),534
Columbia International University,535
Columbia University,536
Columbus College of Art and Design,537
Columbus State University,538
Commonwealth University of Pennsylvania,539
Community College of Denver,540
Conception Seminary College,541
Concordia College--Moorhead,542
Concordia University Ann Arbor,543
Concordia University Chicago,544
Concordia University -- Irvine,545
Concordia University (NE),546
"Concordia University, St. Paul",547
Concordia University Texas,548
Concordia University Wisconsin,549
Concord University,2121
Connecticut College,551
Converse University,552
Cooper Union for the Advancement of Science and Art,553
Coppin State University,554
Corban University,555
Cornell College,556
Cornell University,557
Cornerstone University,558
Cornish College of the Arts,559
Cottey College,560
Covenant College,561
Cox College,562
Creighton University,563
Criswell College,564
Crowley's Ridge College,565
Crown College,566
Culinary Institute of America,567
Culver-Stockton College,568
Cumberland University,569
CUNY--Baruch College,570
CUNY--Brooklyn College,571
CUNY--City College,572
CUNY--College of Staten Island,573
CUNY--Hunter College,574
CUNY--John Jay College of Criminal Justice,575
CUNY--Lehman College,576
CUNY--New York City College of Technology,577
CUNY--Queens College,578
Curry College,579
Curtis Institute of Music,580
Cypress College,581
Daemen University,582
Dakota State University,583
Dakota Wesleyan University,584
Dallas Baptist University,585
Dalton State College,586
Dartmouth College,587
Davenport University,588
Davidson College,589
Davis and Elkins College,590
Davis College,591
Daytona State College,592
Dean College,593
Defiance College,594
Delaware State University,595
Delaware Technical Community College--Terry,596
Delaware Valley University,597
Delta State University,598
Denison University,599
Denver College of Nursing,600
DePaul University,601
DePauw University,602
DEREE--The American College of Greece,603
DeSales University,604
Design Institute of San Diego,605
DeVry University,606
Dharma Realm Buddhist University,607
Dickinson College,608
Dickinson State University,609
DigiPen Institute of Technology,2043
Dillard University,611
Dine College,612
Divine Word College,613
Doane University,614
Dominican University,615
Dominican University New York,616
Dominican University of California,617
Donnelly College,618
Dordt University,619
Drake University,620
Drew University,621
Drexel University,622
Drury University,623
Duke University,624
Dunwoody College of Technology,625
Duquesne University,626
D'Youville University,627
Eagle Gate College--Murray,628
Earlham College,629
East Carolina University,630
East Central University,631
Eastern Connecticut State University,632
Eastern Florida State College,633
Eastern Illinois University,634
Eastern International College--Jersey City,635
Eastern Kentucky University,636
Eastern Mennonite University,637
Eastern Michigan University,638
Eastern Nazarene College,639
Eastern New Mexico University,640
Eastern Oregon University,641
Eastern University,642
Eastern Washington University,2047
East Georgia State College,644
East Stroudsburg University,645
East Tennessee State University,646
East Texas Baptist University,647
East-West University,648
Eckerd College,649
ECPI University,650
Edgewood College,2084
Edmonds Community College,2044
EDP University of Puerto Rico Inc--San Juan,653
Edward Waters University,654
Elizabeth City State University,655
Elizabethtown College,656
Elmhurst University,657
Elmira College,658
Elms College,659
Elon University,660
Embry-Riddle Aeronautical University -- Daytona Beach,661
Embry-Riddle Aeronautical University--Prescott,662
Embry-Riddle Aeronautical University--Worldwide,663
Emerson College,664
Emmanuel College,665
Emmanuel University,666
Emmaus Bible College,667
Emory & Henry College,668
Emory University,669
Emporia State University,670
Endicott College,671
Erskine College,672
Escuela de Artes Plasticas de Puerto Rico,673
Eureka College,674
Evangel University,675
Everglades University,676
The Evergreen State College,2046
Fairfield University,678
Fairleigh Dickinson University,679
Fairmont State University,2123
Faith Baptist Bible College and Theological Seminary,681
Farmingdale State College--SUNY,682
Fashion Institute of Design & Merchandising,683
Fashion Institute of Technology,684
Faulkner University,685
Fayetteville State University,686
Feather River Community College District,687
Felician University,688
Ferris State University,689
Ferrum College,690
Fisher College,691
Fisk University,692
Fitchburg State University,693
Five Towns College,694
Flagler College,695
Florida A&M University,696
Florida A&M University -- Florida State University College of Engineering,697
Florida Atlantic University,698
Florida College,699
Florida Gateway College,700
Florida Gulf Coast University,701
Florida Institute of Technology,702
Florida International University,703
Florida Keys Community College,704
Florida Memorial University,705
Florida National University,706
Florida Polytechnic University,707
Florida Southern College,708
Florida SouthWestern State College,709
Florida State College--Jacksonville,710
Florida State University,711
Fontbonne University,712
Foothill College,713
Fordham University,714
Fort Hays State University,715
Fort Lewis College,716
Fort Valley State University,717
Framingham State University,718
Franciscan Missionaries of Our Lady University,719
Franciscan University of Steubenville,720
Francis Marion University,721
Franklin College,722
Franklin & Marshall College,723
Franklin Pierce University,724
Franklin University,725
Franklin University Switzerland,726
Franklin W. Olin College of Engineering,727
Freed-Hardeman University,728
Fresno Pacific University,729
Friends University,730
Frostburg State University,731
Furman University,732
Galen College of Nursing--Louisville,733
Gallaudet University,734
Gannon University,735
Gardner-Webb University,736
Geneva College,737
George Fox University,738
George Mason University,739
Georgetown College,740
Georgetown University,741
George Washington University,742
Georgia College & State University,743
Georgia Gwinnett College,744
Georgia Highlands College,745
Georgia Institute of Technology,746
Georgia Military College,747
Georgian Court University,748
Georgia Southern University,749
Georgia Southwestern State University,750
Georgia State University,751
Gettysburg College,752
Glenville State University,753
Goddard College,754
God's Bible School and College,755
Goldey-Beacom College,756
Goldfarb School of Nursing at Barnes-Jewish College,757
Gonzaga University,2049
Good Samaritan College of Nursing and Health Science,759
Goodwin University,760
Gordon College,761
Gordon State College,762
Goshen College,763
Goucher College,764
Governors State University,765
Grace Christian University,766
Grace College and Seminary,767
Graceland University,768
Grambling State University,769
Grand Canyon University,770
Grand Valley State University,771
Grand View University,772
Grays Harbor College,773
Grayson College,774
Great Basin College,775
Great Lakes Christian College,776
Green River College,777
Greensboro College,778
Greenville University,779
Grinnell College,780
Grove City College,781
Guilford College,782
Gulf Coast State College,783
Gustavus Adolphus College,784
Gwynedd Mercy University,785
Hamilton College,786
Hamline University,787
Hampden-Sydney College,788
Hampshire College,789
Hampton University,790
Hannibal-LaGrange University,791
Hanover College,792
Harding University,793
Hardin-Simmons University,794
Harrisburg University of Science and Technology,795
Harris-Stowe State University,796
Hartwick College,797
Harvard University,798
Harvey Mudd College,799
Haskell Indian Nations University,800
Hastings College,801
Haverford College,802
Hawaii Pacific University,803
Hebrew Theological College,804
Heidelberg University,805
Hellenic College,806
Henderson State University,807
Hendrix College,808
Henry Ford College,809
Heritage University,810
Herzing University,811
Herzing University-Atlanta,812
Herzing University-Brookfield,813
Herzing University-Kenosha,814
Herzing University--Minneapolis,815
Herzing University--Orlando,816
Hesston College,817
Highline College,2051
High Point University,819
Hilbert College,820
Hillsdale College,821
Hiram College,822
Hobart and William Smith Colleges,823
Hodges University,824
Hofstra University,825
Hollins University,826
Holy Apostles College and Seminary,827
"Holy Cross College at Notre Dame, Indiana",828
Holy Family University,829
Hood College,830
Hope College,831
Hope International University,832
Houghton University,833
Houston Christian University,834
Howard Payne University,835
Howard University,836
Huertas College,837
Hult International Business School,838
Humphreys University,839
Huntingdon College,840
Huntington University,841
Husson University,842
Huston-Tillotson University,843
Idaho State University,844
Ilisagvik College,845
Illinois College,846
Illinois Institute of Technology,847
Illinois State University,848
Illinois Wesleyan University,849
Immaculata University,850
Indiana State University,851
Indiana Tech,852
Indiana University--Bloomington,853
Indiana University East,854
Indiana University--Kokomo,855
Indiana University Northwest,856
Indiana University of Pennsylvania,857
Indiana University-Purdue University--Indianapolis,858
Indiana University--South Bend,859
Indiana University Southeast,860
Indiana Wesleyan University,861
Indian River State College,862
Institute of American Indian Arts,863
Inter American University of Puerto Rico--Aguadilla,864
Inter American University of Puerto Rico--Arecibo,865
Inter American University of Puerto Rico--Barranquitas,866
Inter American University of Puerto Rico--Bayamon,867
Inter American University of Puerto Rico--Fajardo,868
Inter American University of Puerto Rico--Guayama,869
Inter American University of Puerto Rico--Metropolitan Campus,870
Inter American University of Puerto Rico--Ponce,871
Inter American University of Puerto Rico--San German,872
International College of the Cayman Islands,873
Iona University,874
Iowa State University of Science and Technology,875
Ithaca College,876
Jackson College,877
Jackson State University,878
Jacksonville State University,879
Jacksonville University,880
James Madison University,881
Jamestown Business College,882
Jarvis Christian University,883
Jessup University,884
Jewish Theological Seminary of America,885
John Brown University,886
John Carroll University,887
John Paul the Great Catholic University,888
Johns Hopkins University,889
Johnson C. Smith University,890
Johnson University (TN),891
Johnson & Wales University--Charlotte,892
Johnson & Wales University--Providence,893
Judson University,894
Juilliard School,895
Juniata College,896
Kalamazoo College,897
Kansas City Art Institute,898
Kansas State University,899
Kansas Wesleyan University,900
Kean University,901
Keene State College,902
Keiser University,903
Kennesaw State University,904
Kent State University,905
Kent State University at East Liverpool,906
Kentucky Christian University,907
Kentucky State University,908
Kentucky Wesleyan College,909
Kenyon College,910
Kettering College,911
Kettering University,912
Keuka College,913
Keystone College,914
King's College,915
The King's College,916
King University,917
Knox College,918
Kutztown University of Pennsylvania,919
Kuyper College,920
Laboure College,921
Lackawanna College,922
Lafayette College,923
LaGrange College,924
Laguna College of Art and Design,925
Lake Erie College,926
Lake Forest College,927
Lakeland University,928
Lake Michigan College,929
Lake-Sumter State College,930
Lake Superior State University,931
Lakeview College of Nursing,932
Lake Washington Institute of Technology,933
Lamar University,934
Lancaster Bible College,935
Lander University,936
Landmark College,937
Lane College,938
Langston University,939
La Roche University,940
La Salle University,941
Lasell University,942
La Sierra University,943
Lawrence Technological University,944
Lawrence University,2087
Lebanese American University,946
Lebanon Valley College,947
Lees-McRae College,948
Lee University,949
Lehigh University,950
Le Moyne College,951
LeMoyne-Owen College,952
Lenoir-Rhyne University,953
Lesley University,954
LeTourneau University,955
Lewis & Clark College,956
Lewis-Clark State College,957
Lewis University,958
Liberty University,959
Life Pacific University,960
Life University,961
LIM College,962
Limestone University,963
Lincoln Christian University,964
Lincoln Memorial University,965
Lincoln University (CA),966
Lincoln University (MO),967
Lincoln University (PA),968
Lindenwood University,969
Lindsey Wilson College,970
Linfield University,971
Lipscomb University,972
Livingstone College,973
Logan University,974
Loma Linda University,975
Long Island University,976
Longwood University,977
Loras College,978
Louisiana Christian University,979
Louisiana State University--Alexandria,980
Louisiana State University--Baton Rouge,981
Louisiana State University Health Sciences Center,982
Louisiana State University--Shreveport,983
Louisiana Tech University,984
Lourdes University,985
Loyola Marymount University,986
Loyola University Chicago,987
Loyola University Maryland,988
Loyola University New Orleans,989
Lubbock Christian University,990
Luther College,991
Lycoming College,992
Lynn University,993
Lyon College,994
Macalester College,995
Madonna University,996
Maharishi International University,997
Maine College of Art,998
Maine Maritime Academy,999
Malone University,1000
Manchester University,1001
Manhattan Christian College,1002
Manhattan College,1003
Manhattan School of Music,1004
Manhattanville College,1005
Manor College,1006
Maranatha Baptist University,1007
Maria College of Albany,1008
Marian University (IN),1009
Marian University (WI),1010
Marietta College,1011
Marist College,1012
Marquette University,2089
Marshall University,2124
Mars Hill University,1015
Martin Luther College,1016
Martin University,1017
Mary Baldwin University,1018
Maryland Institute College of Art,1019
Marymount Manhattan College,1020
Marymount University,1021
Maryville College,1022
Maryville University of St. Louis,1023
Marywood University,1024
Massachusetts College of Art and Design,1025
Massachusetts College of Liberal Arts,1026
Massachusetts Institute of Technology,1027
Massachusetts Maritime Academy,1028
The Master's University and Seminary,1029
Mayville State University,1030
McDaniel College,1031
McKendree University,1032
McMurry University,1033
McNeese State University,1034
McPherson College,1035
MCPHS University,1036
Medgar Evers College--CUNY,1037
Medical University of South Carolina,1038
Menlo College,1039
Mercer University,1040
Mercy College of Health Sciences,1041
Mercy College of Ohio,1042
Mercyhurst University,1043
Mercy University,1044
Meredith College,1045
Merrimack College,1046
Messiah University,1047
Methodist College,1048
Methodist University,1049
Metropolitan College of New York,1050
Metropolitan State University,1051
Metropolitan State University of Denver,1052
MGH Institute of Health Professions,1053
Miami Dade College,1054
Miami International University of Art & Design,1055
Miami Regional University,1056
Miami University--Hamilton,1057
Miami University--Middletown,1058
Miami University--Oxford,1059
Michigan State University,1060
Michigan Technological University,1061
Mid-America Christian University,1062
MidAmerica Nazarene University,1063
Mid-Atlantic Christian University,1064
Middlebury College,1065
Middle Georgia State University,1066
Middle Tennessee State University,1067
Midland College,1068
Midland University,1069
Midway University,1070
Midwestern Baptist Theological Seminary,1071
Midwestern State University,1072
Miles College,1073
Millersville University of Pennsylvania,1074
Milligan University,1075
Millikin University,1076
Millsaps College,1077
Milwaukee Institute of Art and Design,2092
Milwaukee School of Engineering,2094
Minneapolis College of Art and Design,1080
Minnesota State University--Mankato,1081
Minnesota State University--Moorhead,1082
Minot State University,1083
MiraCosta College,1084
Misericordia University,1085
Mississippi College,1086
Mississippi State University,1087
Mississippi University for Women,1088
Mississippi Valley State University,1089
Missouri Baptist University,1090
Missouri Southern State University,1091
Missouri State University,1092
Missouri University of Science and Technology,1093
Missouri Valley College,1094
Missouri Western State University,1095
Mitchell College,1096
Modesto Junior College,1097
Molloy University,1098
Monmouth College,1099
Monmouth University,1100
Monroe College,1101
Montana State University,1102
Montana State University--Billings,1103
Montana State University--Northern,1104
Montana Technological University,1105
Montclair State University,1106
Montreat College,1107
Montserrat College of Art,1108
Moody Bible Institute,1109
Moore College of Art & Design,1110
Moravian University,1111
Morehead State University,1112
Morehouse College,1113
Morgan State University,1114
Morningside University,1115
Morris College,1116
Mount Aloysius College,1117
Mount Angel Seminary,1118
Mount Carmel College of Nursing,1119
Mount Holyoke College,1120
Mount Marty University,1121
Mount Mary University,1122
Mount Mercy University,1123
Mount Saint Mary's University,1124
Mount St. Joseph University,1125
Mount St. Mary College,1126
Mount St. Mary's University,1127
Mount Vernon Nazarene University,1128
Muhlenberg College,1129
Multnomah University,1130
Murray State University,1131
Muskingum University,1132
Naropa University,1133
National Louis University,1134
National University,1135
National University College,1136
Navajo Technical University,1137
Nazareth University,1138
Nebraska Methodist College,1139
Nebraska Wesleyan University,1140
Neumann University,1141
Neumont College of Computer Science,1142
Nevada State University,1143
Newberry College,1144
New College of Florida,1145
New England College,1146
New England Conservatory of Music,1147
New England Institute of Technology,1148
New Jersey City University,1149
New Jersey Institute of Technology,1150
Newman University,1151
New Mexico Highlands University,1152
New Mexico State University,1153
New Mexico Tech,1154
New Orleans Baptist Theological Seminary,1155
The New School,1156
NewSchool of Architecture and Design,1157
New York Institute of Technology,1158
New York School of Interior Design,1159
New York University,1160
Niagara University,1161
Nicholls State University,1162
Nichols College,1163
Nightingale College,1164
Norfolk State University,1165
North Carolina Agricultural and Technical State University,1166
North Carolina Central University,1167
North Carolina State University,1168
North Carolina Wesleyan University,1169
North Central College,1170
North Central University,1171
North Dakota State University,1172
Northeastern Illinois University,1173
Northeastern State University,1174
Northeastern University,1175
Northern Arizona University,1176
Northern Illinois University,1177
Northern Kentucky University,1178
Northern Marianas College,1179
Northern Michigan University,1180
Northern New Mexico College,1181
Northern State University,1182
North Florida College,1183
North Greenville University,1184
Northland College,2095
North Park University,1186
North Seattle College,2053
Northwestern College,1188
Northwestern Health Sciences University,1189
Northwestern Michigan College,1190
Northwestern Oklahoma State University,1191
Northwestern State University of Louisiana,1192
Northwestern University,1193
Northwest Florida State College,1194
Northwest Indian College,1195
Northwest Missouri State University,1196
Northwest Nazarene University,1197
Northwest University,1198
Northwood University,1199
Norwich University,1200
Notre Dame College of Ohio,1201
Notre Dame of Maryland University,1202
Nova Southeastern University,1203
Nueta Hidatsa Sahnish College,1204
Oakland City University,1205
Oakland University,1206
Oak Point University,1207
Oakwood University,1208
Oberlin College and Conservatory,1209
Occidental College,1210
Oglala Lakota College,1211
Oglethorpe University,1212
Ohio Christian University,1213
Ohio Dominican University,1214
Ohio Northern University,1215
The Ohio State University,1216
Ohio University,1217
Ohio Wesleyan University,1218
Oklahoma Baptist University,1219
Oklahoma Christian University,1220
Oklahoma City University,1221
Oklahoma Panhandle State University,1222
Oklahoma State University,1223
Oklahoma State University Institute of Technology--Okmulgee,1224
Oklahoma State University--Oklahoma City,1225
Oklahoma Wesleyan University,1226
Old Dominion University,1227
Olivet Nazarene University,1228
Olympic College,2054
Oral Roberts University,1230
Oregon Health and Science University,1231
Oregon Institute of Technology,1232
Oregon State University,1233
Otis College of Art and Design,1234
Ottawa University,1235
Otterbein University,1236
Ouachita Baptist University,1237
Our Lady of the Lake University,1238
Ozark Christian College,1239
Pace University,1240
Pacific College,1241
Pacific Lutheran University,2057
Pacific Northwest College of Art,1243
Pacific Oaks College,1244
Pacific Union College,1245
Pacific University,1246
Paine College,1247
Palm Beach Atlantic University,1248
Palm Beach State College,1249
Parker University,1250
Park University,1251
Pasco-Hernando State College,1252
Patrick Henry College,1253
Paul Quinn College,1254
Paul Smith's College,1255
Peirce College,1256
Peninsula College,2055
Pennsylvania Academy of the Fine Arts,1258
Pennsylvania College of Art & Design,1259
Pennsylvania College of Technology,1260
Pennsylvania State University -- Behrend,1261
Pennsylvania State University--Berks,1262
Pennsylvania State University--Harrisburg,1263
The Pennsylvania State University--University Park,1264
Pennsylvania Western University,1265
Pensacola State College,1266
Pepperdine University,1267
Peru State College,1268
Pfeiffer University,1269
Philander Smith College,1270
Phillips School of Nursing at Mount Sinai Beth Israel,1271
Piedmont University,1272
Pillar College,1273
Pittsburgh Technical College,1274
Pittsburg State University,1275
Pitzer College,1276
Platt College,1277
Plaza College,1278
Plymouth State University,1279
Point Loma Nazarene University,1280
Point Park University,1281
Point University,1282
Polk State College,1283
Pomona College,1284
Pontifical Catholic University of Puerto Rico--Arecibo,1285
Pontifical Catholic University of Puerto Rico--Ponce,1286
Pontifical College Josephinum,1287
Portland State University,1288
Post University,1289
Prairie View A&M University,1290
Pratt Institute,1291
Presbyterian College,1292
Prescott College,1293
Princeton University,1294
Principia College,1295
Providence Christian College,1296
Providence College,1297
Provo College,1298
Pueblo Community College,1299
Puerto Rico Conservatory of Music,1300
Purchase College--SUNY,1301
Purdue University--Fort Wayne,1302
Purdue University Global,1303
Purdue University--Main Campus,1304
Purdue University--Northwest,1305
Queens University of Charlotte,1306
Quincy University,1307
Quinnipiac University,1308
Radford University,1309
Ramapo College of New Jersey,1310
Randolph College,1311
Randolph-Macon College,1312
Ranken Technical College,1313
Rasmussen University,1314
Red Rocks Community College,1315
Reed College,1316
Regent's American College London,1317
Regent University,1318
Regis College,1319
Regis University,1320
Reinhardt University,1321
Rensselaer Polytechnic Institute,1322
Renton Technical College,2058
Research College of Nursing,1324
Rhode Island College,1325
Rhode Island School of Design,1326
Rhodes College,1327
Rice University,1328
Richmond American University London,1329
Rider University,1330
Ringling College of Art and Design,1331
Rio Hondo College,1332
Ripon College,1333
Rivier University,1334
Roanoke College,1335
Robert Morris University,1336
Roberts Wesleyan College,1337
Rochester Institute of Technology,1338
Rochester University,1339
Rockford University,1340
Rockhurst University,1341
Rocky Mountain College,1342
Rocky Mountain College of Art and Design,1343
Rogers State University,1344
Roger Williams University,1345
Rollins College,1346
Roosevelt University,1347
Rose-Hulman Institute of Technology,1348
Roseman University of Health Sciences,1349
Rosemont College,1350
Rowan University,1351
Russell Sage College,1352
Rust College,1353
Rutgers University--Camden,1354
Rutgers University--Newark,1355
Rutgers University--New Brunswick,1356
Sacred Heart Major Seminary,1357
Sacred Heart University,1358
Saginaw Valley State University,1359
Saint Anselm College,1360
Saint Anthony College of Nursing,1361
Saint Augustine's University,1362
Saint Elizabeth University,1363
Saint Johns River State College,1364
Saint Joseph's University,1365
Saint Leo University,1366
Saint Louis University,1367
Saint Martin's University,2067
Saint Mary-of-the-Woods College,1369
Saint Mary's College,1370
Saint Mary's College of California,1371
Saint Mary's University of Minnesota,1372
Saint Michael's College,1373
Saint Peter's University,1374
Saint Vincent College,1375
Saint Xavier University,1376
Salem College,1377
Salem State University,1378
Salem University,1379
Salisbury University,1380
Salish Kootenai College,1381
Salve Regina University,1382
Samford University,1383
Sam Houston State University,1384
Samuel Merritt University,1385
San Diego Christian College,1386
San Diego Mesa College,1387
San Diego State University,1388
San Francisco Conservatory of Music,1389
San Francisco State University,1390
San Joaquin Valley College--Visalia,1391
San Jose State University,1392
San Juan Bautista School of Medicine,1393
Santa Ana College,1394
Santa Clara University,1395
Santa Fe College,1396
Santa Monica College,1397
Sarah Lawrence College,1398
Savannah College of Art and Design,1399
Savannah State University,1400
Schoolcraft College,1401
School of the Art Institute of Chicago,1402
School of Visual Arts,1403
Schreiner University,1404
Scripps College,1405
Seattle Central College,2059
Seattle Pacific University,2066
Seattle University,2060
Seminole State College of Florida,1409
Sentara College of Health Sciences,1410
Seton Hall University,1411
Seton Hill University,1412
Shasta College,1413
Shawnee State University,1414
Shaw University,1415
Shenandoah University,1416
Shepherd University,2127
Shippensburg University of Pennsylvania,1418
Shorter University,1419
Siena College,1420
Siena Heights University,1421
Sierra Nevada University,1422
Simmons University,1423
Simpson College,1424
Simpson University,1425
Sinte Gleska University,1426
Sitting Bull College,1427
Skagit Valley College,2063
Skidmore College,1429
Skyline College,1430
Slippery Rock University of Pennsylvania,1431
Smith College,1432
Snow College,1433
Soka University of America,1434
Solano Community College,1435
Sonoma State University,1436
South Carolina State University,1437
South College,1438
South Dakota School of Mines and Technology,1439
South Dakota State University,1440
Southeastern Baptist Theological Seminary,1441
Southeastern Louisiana University,1442
Southeastern Oklahoma State University,1443
Southeastern University,1444
Southeast Missouri Hospital College of Nursing and Health Sciences,1445
Southeast Missouri State University,1446
Southern Adventist University,1447
Southern Arkansas University,1448
Southern Baptist Theological Seminary,1449
Southern California Institute of Architecture,1450
Southern California University of Health Sciences,1451
Southern Connecticut State University,1452
Southern Illinois University--Carbondale,1453
Southern Illinois University Edwardsville,1454
Southern Methodist University,1455
Southern Nazarene University,1456
Southern New Hampshire University,1457
Southern Oregon University,1458
Southern University and A&M College,1459
Southern University at New Orleans,1460
Southern Utah University,1461
Southern Virginia University,1462
Southern Wesleyan University,1463
South Florida State College,1464
South Georgia State College,1465
South Seattle College,2064
South Texas College,1467
South University,1468
South University-Tampa,1469
Southwest Baptist University,1470
Southwestern Adventist University,1471
Southwestern Assemblies of God University,1472
Southwestern Christian College,1473
Southwestern Christian University,1474
Southwestern College,1475
Southwestern Oklahoma State University,1476
Southwestern University,1477
Southwest Minnesota State University,1478
Spalding University,1479
Spelman College,1480
Spokane Community College,1481
Spokane Falls Community College,2065
Spring Arbor University,1483
Springfield College,1484
Spring Hill College,1485
St. Ambrose University,1486
St. Andrews University,1487
Stanford University,1488
State College of Florida--Manatee-Sarasota,1489
St. Augustine College,1490
St. Bonaventure University,1491
St. Catherine University,1492
St. Charles Borromeo Seminary,1493
St. Cloud State University,1494
St. Edward's University,1495
Stephen F. Austin State University,1496
Stephens College,1497
Sterling College (KS),1498
Sterling College (VT),1499
Stetson University,1500
Stevens Institute of Technology,1501
Stevenson University,1502
St. Francis College,1503
St. Francis Medical Center College of Nursing,1504
St. Francis University,1505
Stillman College,1506
St. John Fisher University,1507
St. John's College (IL),1508
St. John's College (MD),1509
St. John's College (NM),1510
St. John's University (MN),1511
St. John's University (NY),1512
St. John Vianney College Seminary,1513
St. Joseph's College (ME),1514
St. Joseph Seminary College,1515
"St. Joseph's University, New York",1516
St. Lawrence University,1517
St Luke's College,1518
St. Mary's College of Maryland,1519
St. Mary's University of San Antonio,1520
St. Norbert College,1521
Stockton University,1522
St. Olaf College,1523
Stone Child College,1524
Stonehill College,1525
Stony Brook University--SUNY,1526
St. Petersburg College,1527
Stratford University,1528
Strayer University,1529
St. Thomas Aquinas College,1530
St. Thomas University,1531
Suffolk University,1532
Sullivan University,1533
Sul Ross State University,1534
SUM Bible College and Theological Seminary,1535
SUNY Brockport,1536
SUNY Buffalo State University,1537
SUNY Cobleskill,1538
SUNY College--Cortland,1539
SUNY College of Environmental Science and Forestry,1540
SUNY College of Technology at Canton,1541
SUNY College of Technology--Delhi,1542
SUNY College--Old Westbury,1543
SUNY Downstate Health Sciences University,1544
SUNY Empire State College,1545
SUNY--Fredonia,1546
SUNY--Geneseo,1547
SUNY Maritime College,1548
SUNY Morrisville,1549
SUNY--New Paltz,1550
SUNY--Oneonta,1551
SUNY Oswego,1552
SUNY Plattsburgh,1553
SUNY Polytechnic Institute,1554
SUNY Potsdam,1555
Susquehanna University,1556
Swarthmore College,1557
Sweet Briar College,1558
Syracuse University,1559
Tabor College,1560
Tacoma Community College,1561
Talladega College,1562
Tallahassee Community College,1563
Tarleton State University,1564
Taylor University,1565
Temple University,1566
Tennessee State University,1567
Tennessee Tech University,1568
Tennessee Wesleyan University,1569
Texas A&M International University,1570
Texas A&M University,1571
Texas A&M University--Commerce,1572
Texas A&M University--Corpus Christi,1573
Texas A&M University--Kingsville,1574
Texas A&M University--San Antonio,1575
Texas A&M University--Texarkana,1576
Texas Christian University,1577
Texas College,1578
Texas Lutheran University,1579
Texas Southern University,1580
Texas State University,1581
Texas Tech University,1582
Texas Tech University Health Sciences Center-El Paso,1583
Texas Tech University Health Sciences Center-Lubbock,1584
Texas Wesleyan University,1585
Texas Woman's University,1586
Thiel College,1587
Thomas Aquinas College,1588
Thomas College,1589
Thomas Edison State University,1590
Thomas Jefferson University,1591
Thomas More College of Liberal Arts,1592
Thomas More University,1593
Thomas University,1594
Tiffin University,1595
Toccoa Falls College,1596
Tougaloo College,1597
Touro University,1598
Touro University Nevada,1599
Towson University,1600
Transylvania University,1601
Trevecca Nazarene University,1602
Trine University,1603
Trinity Bible College and Graduate School,1604
Trinity Christian College,1605
Trinity College,1606
Trinity College of Nursing & Health Sciences,1607
Trinity International University,1608
Trinity University,1609
Trinity Washington University,1610
Trocair College,1611
Troy University,1612
Truckee Meadows Community College,1613
Truett McConnell University,1614
Truman State University,1615
Tufts University,1616
Tulane University,1617
Turtle Mountain Community College,1618
Tusculum University,1619
Tuskegee University,1620
Tyler Junior College,1621
Union Adventist University,1622
Union College (KY),1623
Union College (NY),1624
Union Institute and University,1625
Union University,1626
United States Air Force Academy,1627
United States Coast Guard Academy,1628
United States International University--Kenya,1629
United States Merchant Marine Academy,1630
United States Military Academy at West Point,1631
United States Naval Academy,1632
United States University,1633
United Tribes Technical College,1634
Unitek College,1635
Unity Environmental University,1636
Universidad Adventista de las Antillas,1637
Universidad Ana G. Mendez--Carolina Campus,1638
Universidad Ana G. Mendez--Cupey Campus,1639
Universidad Ana G. Mendez--Gurabo Campus,1640
Universidad Central Del Caribe,1641
Universidad del Sagrado Corazon,1642
Universidad Politecnica de Puerto Rico,1643
University at Albany--SUNY,1644
University at Buffalo--SUNY,1645
University of Advancing Technology,1646
The University of Akron,1647
The University of Alabama,1648
University of Alabama at Birmingham,1649
University of Alabama at Huntsville,1650
University of Alaska--Anchorage,1651
University of Alaska--Fairbanks,1652
University of Alaska--Southeast,1653
University of Antelope Valley,1654
University of Arizona,1655
University of Arkansas,1656
University of Arkansas at Little Rock,1657
University of Arkansas for Medical Sciences,1658
University of Arkansas -- Fort Smith,1659
University of Arkansas--Monticello,1660
University of Arkansas--Pine Bluff,1661
University of Baltimore,1662
University of Bridgeport,1663
"University of California, Berkeley",1664
"University of California, Davis",1665
"University of California, Irvine",1666
"University of California, Los Angeles",1667
"University of California, Merced",1668
"University of California, Riverside",1669
"University of California, San Diego",1670
"University of California, Santa Barbara",1671
"University of California, Santa Cruz",1672
University of Central Arkansas,1673
University of Central Florida,1674
University of Central Missouri,1675
University of Central Oklahoma,1676
University of Charleston,2128
University of Chicago,1678
University of Cincinnati,1679
University of Cincinnati--UC Blue Ash College,1680
University of Colorado Boulder,1681
University of Colorado Colorado Springs,1682
University of Colorado Denver,1683
University of Connecticut,1684
University of Dallas,1685
University of Dayton,1686
University of Delaware,1687
University of Denver,1688
University of Detroit Mercy,1689
University of Dubuque,1690
University of Evansville,1691
University of Findlay,1692
University of Florida,1693
University of Georgia,1694
University of Guam,1695
University of Hartford,1696
University of Hawaii at Hilo,1697
University of Hawaii at Manoa,1698
University of Hawaii--Maui College,1699
University of Hawaii--West Oahu,1700
University of Health Sciences & Pharmacy in St. Louis,1701
University of Holy Cross,1702
University of Houston,1703
University of Houston--Clear Lake,1704
University of Houston--Downtown,1705
University of Houston--Victoria,1706
University of Idaho,1707
University of Illinois--Chicago,1708
University of Illinois--Springfield,1709
University of Illinois Urbana-Champaign,1710
University of Indianapolis,1711
University of Iowa,1712
University of Jamestown,1713
University of Kansas,1714
University of Kentucky,1715
University of La Verne,1716
University of Louisiana at Lafayette,1717
University of Louisiana at Monroe,1718
University of Louisville,1719
University of Lynchburg,1720
University of Maine,1721
University of Maine at Farmington,1722
University of Maine--Augusta,1723
University of Maine--Fort Kent,1724
University of Maine--Presque Isle,1725
University of Mary,1726
University of Mary Hardin-Baylor,1727
"University of Maryland, Baltimore",1728
"University of Maryland, Baltimore County",1729
"University of Maryland, College Park",1730
"University of Maryland, Eastern Shore",1731
University of Maryland Global Campus,1732
University of Mary Washington,1733
University of Massachusetts--Amherst,1734
University of Massachusetts--Boston,1735
University of Massachusetts--Dartmouth,1736
University of Massachusetts--Lowell,1737
University of Memphis,1738
University of Miami,1739
University of Michigan--Ann Arbor,1740
University of Michigan--Dearborn,1741
University of Michigan--Flint,1742
University of Minnesota Crookston,1743
University of Minnesota Duluth,1744
University of Minnesota Morris,1745
"University of Minnesota, Twin Cities",1746
University of Mississippi,1747
University of Missouri,1748
University of Missouri--Kansas City,1749
University of Missouri--St. Louis,1750
University of Mobile,1751
University of Montana,1752
University of Montana Western,1753
University of Montevallo,1754
University of Mount Olive,1755
University of Mount Union,1756
University of Nebraska at Kearney,1757
University of Nebraska -- Lincoln,1758
University of Nebraska Medical Center,1759
University of Nebraska Omaha,1760
"University of Nevada, Las Vegas",1761
"University of Nevada, Reno",1762
University of New England,1763
University of New Hampshire,1764
University of New Hampshire at Manchester,1765
University of New Haven,1766
University of New Mexico,1767
University of New Orleans,1768
University of North Alabama,1769
University of North Carolina Asheville,1770
University of North Carolina at Chapel Hill,1771
University of North Carolina at Greensboro,1772
University of North Carolina--Charlotte,1773
University of North Carolina--Pembroke,1774
University of North Carolina School of the Arts,1775
University of North Carolina--Wilmington,1776
University of North Dakota,1777
University of Northern Colorado,1778
University of Northern Iowa,1779
University of North Florida,1780
University of North Georgia,1781
University of North Texas,1782
University of North Texas at Dallas,1783
University of Northwestern Ohio,1784
University of Northwestern--St. Paul,1785
University of Notre Dame,1786
University of Oklahoma,1787
University of Oklahoma Health Sciences Center,1788
The University of Olivet,1789
University of Oregon,1790
University of Pennsylvania,1791
University of Pikeville,1792
University of Pittsburgh,1793
University of Pittsburgh at Bradford,1794
University of Pittsburgh at Greensburg,1795
University of Pittsburgh at Johnstown,1796
University of Portland,1797
University of Providence,1798
University of Puerto Rico--Aguadilla,1799
University of Puerto Rico--Arecibo,1800
University of Puerto Rico--Bayamon,1801
University of Puerto Rico--Cayey,1802
University of Puerto Rico--Humacao,1803
University of Puerto Rico--Mayaguez,1804
University of Puerto Rico--Ponce,1805
University of Puerto Rico--Rio Piedras,1806
University of Puerto Rico--Utuado,1807
University of Puget Sound,2068
University of Redlands,1809
University of Rhode Island,1810
University of Richmond,1811
University of Rio Grande,1812
University of Rochester,1813
University of Saint Francis,1814
University of Saint Joseph,1815
University of Saint Katherine,1816
University of Saint Mary,1817
University of San Diego,1818
University of San Francisco,1819
University of Science and Arts of Oklahoma,1820
University of Scranton,1821
University of Silicon Valley,1822
University of Sioux Falls,1823
University of South Alabama,1824
University of South Carolina,1825
University of South Carolina Aiken,1826
University of South Carolina Beaufort,1827
University of South Carolina Upstate,1828
University of South Dakota,1829
University of Southern California,1830
University of Southern Indiana,1831
University of Southern Maine,1832
University of Southern Mississippi,1833
University of South Florida,1834
University of St. Francis,1835
University of St. Thomas (MN),1836
University of St. Thomas (TX),1837
University of Tampa,1838
University of Tennessee at Chattanooga,1839
University of Tennessee at Martin,1840
University of Tennessee Health Sciences Center,1841
"University of Tennessee, Knoxville",1842
University of Tennessee Southern,1843
The University of Texas at Arlington,1844
University of Texas at Austin,1845
The University of Texas at Dallas,1846
The University of Texas at El Paso,1847
University of Texas at San Antonio,1848
The University of Texas at Tyler,1849
University of Texas Health Science Center--Houston,1850
University of Texas Health Science Center--San Antonio,1851
University of Texas Medical Branch--Galveston,1852
University of Texas Permian Basin,1853
University of Texas Rio Grande Valley,1854
University of the Arts,1855
University of the Cumberlands,1856
University of the District of Columbia,1857
University of the Incarnate Word,1858
University of the Ozarks,1859
University of the Pacific,1860
University of the Potomac,1861
The University of the South,1862
University of the Southwest,1863
University of the Virgin Islands,1864
University of the West,1865
University of Toledo,1866
University of Tulsa,1867
University of Utah,1868
University of Valley Forge,1869
University of Vermont,1870
University of Virginia,1871
University of Virginia--Wise,1872
University of Washington,2079
University of Washington Bothell,2070
University of Washington Tacoma,1875
University of West Alabama,1876
University of West Florida,1877
University of West Georgia,1878
University of Wisconsin--Eau Claire,1879
University of Wisconsin--Green Bay,1880
University of Wisconsin--La Crosse,1881
University of Wisconsin--Madison,1882
University of Wisconsin--Milwaukee,1883
University of Wisconsin--Oshkosh,1884
University of Wisconsin--Parkside,1885
University of Wisconsin--Platteville,1886
University of Wisconsin--River Falls,1887
University of Wisconsin--Stevens Point,1888
University of Wisconsin--Stout,1889
University of Wisconsin--Superior,1890
University of Wisconsin--Whitewater,1891
University of Wyoming,2140
Upper Iowa University,1893
Ursinus College,1894
Ursuline College,1895
Utah State University,1896
Utah Tech University,1897
Utah Valley University,1898
Utica University,1899
Valdosta State University,1900
Valencia College,1901
Valley City State University,1902
Valparaiso University,1903
Vanderbilt University,1904
VanderCook College of Music,1905
Vanguard University of Southern California,1906
Vassar College,1907
Vaughn College of Aeronautics and Technology,1908
Vermont State University,1909
Villa Maria College,1910
Villanova University,1911
Vincennes University,1912
Virginia Commonwealth University,1913
Virginia Military Institute,1914
Virginia State University,1915
Virginia Tech,1916
Virginia Union University,1917
Virginia Wesleyan University,1918
Viterbo University,2113
Voorhees University,1920
Wabash College,1921
Wade College,1922
Wagner College,1923
Wake Forest University,1924
Waldorf University,1925
Walla Walla University,2071
Walsh College,1927
Walsh University,1928
Warner Pacific University,1929
Warner University,1930
Warren Wilson College,1931
Wartburg College,1932
Washburn University,1933
Washington Adventist University,1934
Washington and Lee University,1935
Washington College,1936
Washington & Jefferson College,1937
Washington State University,2074
Washington University in St. Louis,1939
Wayland Baptist University,1940
Waynesburg University,1941
Wayne State College,1942
Wayne State University,1943
Webber International University,1944
Webb Institute,1945
Weber State University,1946
Webster University,1947
Welch College,1948
Wellesley College,1949
Wells College,1950
Wenatchee Valley College,2075
Wentworth Institute of Technology,1952
Wesleyan College,1953
Wesleyan University,1954
West Chester University of Pennsylvania,1955
Westcliff University,1956
West Coast University,1957
Western Carolina University,1958
Western Colorado University,1959
Western Connecticut State University,1960
Western Illinois University,1961
Western Kentucky University,1962
Western Michigan University,1963
Western Nevada College,1964
Western New England University,1965
Western New Mexico University,1966
Western Oregon University,1967
Western Washington University,2077
Westfield State University,1969
West Liberty University,2129
West Los Angeles College,1971
Westminster College (MO),1972
Westminster College (PA),1973
Westminster University (UT),1974
Westmont College,1975
West Texas A&M University,1976
West Virginia State University,2132
West Virginia University,2133
West Virginia University Institute of Technology,1979
West Virginia University--Parkersburg,1980
West Virginia Wesleyan College,2134
Whatcom Community College,1982
Wheaton College (IL),1983
Wheaton College (MA),1984
Wheeling University,1985
Whitman College,2072
Whittier College,1987
Whitworth University,2073
Wichita State University,1989
Widener University,1990
Wilberforce University,1991
Wiley College,1992
Wilkes University,1993
Willamette University,1994
William Carey University,1995
William Jewell College,1996
William & Mary,1997
William Paterson University of New Jersey,1998
William Peace University,1999
William Penn University,2000
Williams Baptist University,2001
Williams College,2002
William Woods University,2003
Wilmington College,2004
Wilmington University,2005
Wilson College,2006
Wingate University,2007
Winona State University,2008
Winston-Salem State University,2009
Winthrop University,2010
Wisconsin Lutheran College,2117
Wittenberg University,2012
Wofford College,2013
Woodbury University,2014
Worcester Polytechnic Institute,2015
Worcester State University,2016
Wright State University,2017
Xavier University,2018
Xavier University of Louisiana,2019
Yakima Valley College,2020
Yale University,2021
Yeshiva University,2022
York College--CUNY,2023
York College of Pennsylvania,2024
York University,2025
Young Harris College,2026
Youngstown State University,2027
Cascadia Community College,2038
Charter College,2040
Everett Community College,2045
Faith Evangelical College and Seminary,2048
Green River Community College,2050
Mukogawa Fort Wright Institute,2052
Perry Technical Institute,2056
Shoreline Community College,2061
Seattle Institute of Oriental Medicine,2062
Walla Walla Community College,2076
Yakima Valley Community College,2078
Chippewa Valley Technical College,2083
Gateway Technical College,2085
The Institute of Beauty and Wellness,2086
Madison Area Technical College,2088
Milwaukee Area Technical College,2090
Medical College of Wisconsin,2091
Moraine Park Technical College,2093
Northcentral Technical College,2096
Northeast Wisconsin Technical College,2097
Silver Lake College of the Holy Family,2098
Saint Norbert College,2099
Cardinal Stritch University,2100
University of Wisconsin Colleges,2101
University of Wisconsin Eau Claire,2102
University of Wisconsin Extension,2103
University of Wisconsin Green Bay,2104
University of Wisconsin La Crosse,2105
University of Wisconsin Milwaukee,2106
University of Wisconsin Oshkosh,2107
University of Wisconsin Platteville,2108
University of Wisconsin River Falls,2109
University of Wisconsin Stevens Point,2110
University of Wisconsin Superior,2111
University of Wisconsin Whitewater,2112
Waukesha County Technical College,2114
"University of Wisconsin, Madison",2115
Wisconsin Indianhead Technical College,2116
Wisconsin Technical College System,2118
Western Technical College,2119
American Public University System,2120
Eastern West Virgina Community and Technical College,2122
Ohio Valley University,2125
Pierpont Community and Technical College,2126
Wheeling Jesuit University,2130
West Virginia Northern Community College,2131
Casper College,2135
Central Wyoming College,2136
National Outdoor Leadership School,2137
Northwest College,2138
Northern Wyoming Community College District,2139
